CREATE DATABASE  IF NOT EXISTS `db_zinema1` /*!40100 DEFAULT CHARACTER SET utf8 COLLATE utf8_spanish2_ci */;
USE `db_zinema1`;
-- MySQL dump 10.13  Distrib 8.0.34, for Win64 (x86_64)
--
-- Host: 127.0.0.1    Database: db_zinema1
-- ------------------------------------------------------
-- Server version	5.5.5-10.4.32-MariaDB

/*!40101 SET @OLD_CHARACTER_SET_CLIENT=@@CHARACTER_SET_CLIENT */;
/*!40101 SET @OLD_CHARACTER_SET_RESULTS=@@CHARACTER_SET_RESULTS */;
/*!40101 SET @OLD_COLLATION_CONNECTION=@@COLLATION_CONNECTION */;
/*!50503 SET NAMES utf8 */;
/*!40103 SET @OLD_TIME_ZONE=@@TIME_ZONE */;
/*!40103 SET TIME_ZONE='+00:00' */;
/*!40014 SET @OLD_UNIQUE_CHECKS=@@UNIQUE_CHECKS, UNIQUE_CHECKS=0 */;
/*!40014 SET @OLD_FOREIGN_KEY_CHECKS=@@FOREIGN_KEY_CHECKS, FOREIGN_KEY_CHECKS=0 */;
/*!40101 SET @OLD_SQL_MODE=@@SQL_MODE, SQL_MODE='NO_AUTO_VALUE_ON_ZERO' */;
/*!40111 SET @OLD_SQL_NOTES=@@SQL_NOTES, SQL_NOTES=0 */;

--
-- Table structure for table `areto`
--

DROP TABLE IF EXISTS `areto`;
/*!40101 SET @saved_cs_client     = @@character_set_client */;
/*!50503 SET character_set_client = utf8mb4 */;
CREATE TABLE `areto` (
  `id_areto` int(11) NOT NULL,
  `izena` varchar(30) DEFAULT NULL,
  `id_zinema` int(11) NOT NULL,
  PRIMARY KEY (`id_areto`,`id_zinema`),
  KEY `id_zinema` (`id_zinema`),
  CONSTRAINT `areto_ibfk_1` FOREIGN KEY (`id_zinema`) REFERENCES `zinema` (`id_zinema`)
) ENGINE=InnoDB DEFAULT CHARSET=utf8 COLLATE=utf8_spanish2_ci;
/*!40101 SET character_set_client = @saved_cs_client */;

--
-- Dumping data for table `areto`
--

LOCK TABLES `areto` WRITE;
/*!40000 ALTER TABLE `areto` DISABLE KEYS */;
INSERT INTO `areto` VALUES (1,'Aretoa 1',1),(1,'Aretoa 1',2),(1,'Aretoa 1 Jumior',3),(1,'Aretoa 1 Jumior',4),(2,'Aretoa 2',1),(2,'Aretoa 2',2),(2,'Aretoa 2 Junior',3),(2,'Aretoa 2 Junior',4),(3,'Aretoa 3 Junior',1),(3,'Aretoa 3',2),(3,'Aretoa 3 Handia',3),(3,'Aretoa 3',4),(4,'Aretoa 4 Junior',1),(4,'Aretoa 4',2),(4,'Aretoa 4 Junior',3),(4,'Aretoa 4',4),(5,'Aretoa 5 Premium',1),(5,'Aretoa 5 Premium',2),(5,'Aretoa 5 Junior',3),(5,'Aretoa 5 Handia',4),(6,'Aretoa 6 Handia',1),(6,'Aretoa 6 Premium',2),(6,'Aretoa 6 Handia',4),(7,'Aretoa 7 Junior',2),(7,'Aretoa 7 Premium',4),(8,'Aretoa 8 Jumior',2),(8,'Aretoa 8 Premium',4),(9,'Aretoa 9 Junior',2),(10,'Aretoa 10 Handia',2),(11,'Aretoa 11 Handia',2),(12,'Aretoa 12 Handia',2);
/*!40000 ALTER TABLE `areto` ENABLE KEYS */;
UNLOCK TABLES;

--
-- Table structure for table `erabiltzaile`
--

DROP TABLE IF EXISTS `erabiltzaile`;
/*!40101 SET @saved_cs_client     = @@character_set_client */;
/*!50503 SET character_set_client = utf8mb4 */;
CREATE TABLE `erabiltzaile` (
  `id_erabiltzaile` int(11) NOT NULL AUTO_INCREMENT,
  `izena` varchar(8) DEFAULT NULL,
  `e_izena` varchar(20) NOT NULL,
  `abizena` varchar(20) DEFAULT NULL,
  `pasahitza` varchar(15) DEFAULT NULL,
  `nan` varchar(9) DEFAULT NULL,
  `jaiotze_data` date DEFAULT NULL,
  `generoa` char(1) DEFAULT NULL,
  PRIMARY KEY (`id_erabiltzaile`),
  UNIQUE KEY `e_izena` (`e_izena`)
) ENGINE=InnoDB AUTO_INCREMENT=9 DEFAULT CHARSET=utf8 COLLATE=utf8_spanish2_ci;
/*!40101 SET character_set_client = @saved_cs_client */;

--
-- Dumping data for table `erabiltzaile`
--

LOCK TABLES `erabiltzaile` WRITE;
/*!40000 ALTER TABLE `erabiltzaile` DISABLE KEYS */;
INSERT INTO `erabiltzaile` VALUES (1,'Aitzol','Aitzol434','Sagardui','abcd1234','33334444J','2002-01-01','M'),(2,'Uxue','Uxue34','Gonzalez','clave123','88889999E','2002-11-20','F'),(3,'Andoni','Andoni','Salsidua','p123','44445555A','2002-03-12','M'),(4,'Oier','Oier65','Garcia','password123','55556666B','2002-05-23','M'),(5,'Jon','Jon8','Martinez','secure123','66667777C','2002-07-07','M'),(6,'Miguel','Miguel90','Sanchez','pass1234','77778888D','2002-09-15','M'),(7,'Ane','Ane','Etxebarria','contraseña123','99990000F','2002-12-31','F'),(8,'Maite','Maite','Zubizarreta','p@ssw0rd','11112222G','2003-02-14','F');
/*!40000 ALTER TABLE `erabiltzaile` ENABLE KEYS */;
UNLOCK TABLES;

--
-- Table structure for table `erosketa`
--

DROP TABLE IF EXISTS `erosketa`;
/*!40101 SET @saved_cs_client     = @@character_set_client */;
/*!50503 SET character_set_client = utf8mb4 */;
CREATE TABLE `erosketa` (
  `id_erosketa` int(11) NOT NULL AUTO_INCREMENT,
  `prezioa` decimal(30,2) DEFAULT NULL,
  `erosketa_data` date DEFAULT NULL,
  `descuento` decimal(5,2) DEFAULT 0.30,
  `id_erabiltzaile` int(11) DEFAULT NULL,
  PRIMARY KEY (`id_erosketa`),
  KEY `id_erabiltzaile` (`id_erabiltzaile`),
  CONSTRAINT `erosketa_ibfk_1` FOREIGN KEY (`id_erabiltzaile`) REFERENCES `erabiltzaile` (`id_erabiltzaile`)
) ENGINE=InnoDB AUTO_INCREMENT=22 DEFAULT CHARSET=utf8 COLLATE=utf8_spanish2_ci;
/*!40101 SET character_set_client = @saved_cs_client */;

--
-- Dumping data for table `erosketa`
--

LOCK TABLES `erosketa` WRITE;
/*!40000 ALTER TABLE `erosketa` DISABLE KEYS */;
INSERT INTO `erosketa` VALUES (1,15.00,'2023-02-10',0.00,1),(2,24.00,'2023-02-11',0.20,1),(3,26.00,'2023-02-12',0.30,1),(4,15.00,'2023-02-13',0.00,1),(5,15.00,'2023-04-10',0.00,2),(6,15.00,'2023-07-15',0.00,2),(7,13.00,'2023-07-17',0.00,3),(8,17.00,'2023-07-19',0.00,3),(9,10.00,'2023-08-10',0.00,4),(10,10.00,'2023-08-10',0.00,4),(11,10.00,'2023-08-10',0.00,5),(12,18.50,'2023-09-12',0.10,5),(13,25.00,'2023-09-18',0.15,5),(14,14.00,'2023-09-20',0.00,6),(15,21.00,'2023-09-25',0.20,6),(16,19.50,'2023-09-30',0.00,6),(17,23.00,'2023-10-05',0.10,6),(18,12.00,'2023-10-10',0.00,7),(19,27.50,'2023-10-15',0.25,7),(20,16.00,'2023-10-20',0.00,8),(21,22.00,'2023-10-25',0.30,8);
/*!40000 ALTER TABLE `erosketa` ENABLE KEYS */;
UNLOCK TABLES;

--
-- Table structure for table `filma`
--

DROP TABLE IF EXISTS `filma`;
/*!40101 SET @saved_cs_client     = @@character_set_client */;
/*!50503 SET character_set_client = utf8mb4 */;
CREATE TABLE `filma` (
  `id_filma` int(10) unsigned NOT NULL AUTO_INCREMENT,
  `izena` varchar(40) DEFAULT NULL,
  `generoa` varchar(20) DEFAULT NULL,
  `iraupena` int(11) DEFAULT NULL,
  PRIMARY KEY (`id_filma`)
) ENGINE=InnoDB AUTO_INCREMENT=17 DEFAULT CHARSET=utf8 COLLATE=utf8_spanish2_ci;
/*!40101 SET character_set_client = @saved_cs_client */;

--
-- Dumping data for table `filma`
--

LOCK TABLES `filma` WRITE;
/*!40000 ALTER TABLE `filma` DISABLE KEYS */;
INSERT INTO `filma` VALUES (1,'Handia','Drama',116),(2,'La lista de Schindler','Drama',197),(3,'Cadena Perpetua','Drama',142),(4,'Million Dollar Baby','Drama',133),(5,'2001: Odisea en el espacio','Sci-Fi',142),(6,'La novia de Frankenstein','Sci-Fi',75),(7,'El planeta de los simios','Sci-Fi',115),(8,'Alien, el octavo pasajero','Sci-Fi',117),(9,'Scary movie','Komedia',90),(10,'El gran Lebowsky','Komedia',119),(11,'La vida de Brian','Komedia',94),(12,'Aterriza como puedas','Komedia',88),(13,'Psicosis','Terror',109),(14,'El resplandor','Terror',146),(15,'Dracula','Terror',155),(16,'Cisne negro','Terror',110);
/*!40000 ALTER TABLE `filma` ENABLE KEYS */;
UNLOCK TABLES;

--
-- Table structure for table `saioa`
--

DROP TABLE IF EXISTS `saioa`;
/*!40101 SET @saved_cs_client     = @@character_set_client */;
/*!50503 SET character_set_client = utf8mb4 */;
CREATE TABLE `saioa` (
  `id_saioa` int(11) NOT NULL AUTO_INCREMENT,
  `prezioa` decimal(10,2) DEFAULT NULL,
  `id_zinema` int(11) DEFAULT NULL,
  `id_areto` int(11) DEFAULT NULL,
  `id_filma` int(10) unsigned DEFAULT NULL,
  `saioa_data` date DEFAULT NULL,
  `hasiera_ordua` time DEFAULT NULL,
  PRIMARY KEY (`id_saioa`),
  UNIQUE KEY `id_zinema` (`id_zinema`,`id_areto`,`saioa_data`,`hasiera_ordua`),
  KEY `id_areto` (`id_areto`,`id_zinema`),
  KEY `id_filma` (`id_filma`),
  CONSTRAINT `saioa_ibfk_1` FOREIGN KEY (`id_areto`, `id_zinema`) REFERENCES `areto` (`id_areto`, `id_zinema`),
  CONSTRAINT `saioa_ibfk_2` FOREIGN KEY (`id_filma`) REFERENCES `filma` (`id_filma`)
) ENGINE=InnoDB AUTO_INCREMENT=285 DEFAULT CHARSET=utf8 COLLATE=utf8_spanish2_ci;
/*!40101 SET character_set_client = @saved_cs_client */;

--
-- Dumping data for table `saioa`
--

LOCK TABLES `saioa` WRITE;
/*!40000 ALTER TABLE `saioa` DISABLE KEYS */;
INSERT INTO `saioa` VALUES (1,15.00,1,1,1,'2024-02-01','15:00:00'),(2,16.00,2,1,1,'2024-02-01','15:00:00'),(3,15.00,1,2,2,'2024-02-02','16:00:00'),(4,15.00,1,3,3,'2024-02-03','17:00:00'),(5,15.00,1,4,4,'2024-02-04','18:00:00'),(6,15.00,1,5,5,'2024-02-05','19:00:00'),(7,15.00,1,6,6,'2024-02-06','20:00:00'),(8,15.00,1,1,7,'2024-02-07','21:00:00'),(9,15.00,1,2,8,'2024-02-08','22:00:00'),(10,15.00,1,3,9,'2024-02-09','15:00:00'),(11,15.00,1,4,10,'2024-02-10','16:00:00'),(12,15.00,1,5,11,'2024-02-11','17:00:00'),(13,15.00,1,6,12,'2024-02-12','18:00:00'),(14,15.00,1,1,13,'2024-02-13','19:00:00'),(15,15.00,1,2,14,'2024-02-14','20:00:00'),(16,15.00,1,3,15,'2024-02-15','21:00:00'),(17,15.00,1,4,16,'2024-02-01','22:00:00'),(18,15.00,1,5,1,'2024-02-02','15:00:00'),(19,15.00,1,6,2,'2024-02-03','16:00:00'),(20,15.00,1,1,3,'2024-02-04','17:00:00'),(21,15.00,1,2,4,'2024-02-05','18:00:00'),(22,16.00,2,2,2,'2024-02-02','16:00:00'),(23,16.00,2,3,3,'2024-02-03','17:00:00'),(24,16.00,2,4,4,'2024-02-04','18:00:00'),(25,16.00,2,5,5,'2024-02-05','19:00:00'),(26,16.00,2,6,6,'2024-02-06','20:00:00'),(27,16.00,2,7,7,'2024-02-07','21:00:00'),(28,16.00,2,8,8,'2024-02-08','22:00:00'),(29,16.00,2,9,9,'2024-02-09','15:00:00'),(30,16.00,2,10,10,'2024-02-10','16:00:00'),(31,16.00,2,11,11,'2024-02-11','17:00:00'),(32,16.00,2,12,12,'2024-02-12','18:00:00'),(33,16.00,2,1,13,'2024-02-13','19:00:00'),(34,16.00,2,2,14,'2024-02-14','20:00:00'),(35,16.00,2,3,15,'2024-02-15','21:00:00'),(36,16.00,2,4,16,'2024-02-01','22:00:00'),(37,16.00,2,5,1,'2024-02-02','15:00:00'),(38,16.00,2,6,2,'2024-02-03','16:00:00'),(39,16.00,2,7,3,'2024-02-04','17:00:00'),(40,16.00,2,8,4,'2024-02-05','18:00:00'),(41,17.00,3,1,1,'2024-02-01','15:00:00'),(42,17.00,3,2,2,'2024-02-02','16:00:00'),(43,17.00,3,3,3,'2024-02-03','17:00:00'),(44,17.00,3,4,4,'2024-02-04','19:00:00'),(45,17.00,3,5,5,'2024-02-05','20:00:00'),(46,17.00,3,1,6,'2024-02-06','20:00:00'),(47,17.00,3,2,7,'2024-02-07','21:00:00'),(48,17.00,3,3,8,'2024-02-08','22:00:00'),(49,17.00,3,4,9,'2024-02-09','15:00:00'),(50,17.00,3,5,10,'2024-02-10','16:00:00'),(51,17.00,3,1,11,'2024-02-11','17:00:00'),(52,17.00,3,2,12,'2024-02-12','18:00:00'),(53,17.00,3,3,13,'2024-02-13','19:00:00'),(54,17.00,3,4,14,'2024-02-14','20:00:00'),(55,17.00,3,5,15,'2024-02-15','21:00:00'),(56,17.00,3,1,16,'2024-02-01','22:00:00'),(57,17.00,3,2,1,'2024-02-02','15:00:00'),(58,17.00,3,3,2,'2024-02-03','16:00:00'),(59,17.00,3,4,3,'2024-02-04','17:00:00'),(60,17.00,3,5,4,'2024-02-05','18:00:00'),(61,15.50,4,1,1,'2024-02-01','15:00:00'),(62,15.50,4,2,2,'2024-02-02','16:00:00'),(63,15.50,4,3,3,'2024-02-03','17:00:00'),(64,15.50,4,4,4,'2024-02-04','18:00:00'),(65,15.50,4,5,5,'2024-02-05','19:00:00'),(66,15.50,4,6,6,'2024-02-06','20:00:00'),(67,15.50,4,7,7,'2024-02-07','21:00:00'),(68,15.50,4,8,8,'2024-02-08','22:00:00'),(69,15.50,4,1,9,'2024-02-09','15:00:00'),(70,15.50,4,2,10,'2024-02-10','16:00:00'),(71,15.50,4,3,11,'2024-02-11','17:00:00'),(72,15.50,4,4,12,'2024-02-12','18:00:00'),(73,15.50,4,5,13,'2024-02-13','19:00:00'),(74,15.50,4,6,14,'2024-02-14','20:00:00'),(75,15.50,4,7,15,'2024-02-15','21:00:00'),(76,15.50,4,8,16,'2024-02-01','22:00:00'),(77,15.50,4,1,1,'2024-02-02','15:00:00'),(78,15.50,4,2,2,'2024-02-03','16:00:00'),(79,15.50,4,3,3,'2024-02-04','17:00:00'),(80,15.50,4,4,4,'2024-02-05','18:00:00'),(81,15.00,1,1,1,'2024-02-02','15:30:00'),(82,15.00,1,2,2,'2024-02-03','16:45:00'),(83,15.00,1,3,3,'2024-02-04','17:15:00'),(84,15.00,1,4,4,'2024-02-05','18:30:00'),(85,15.00,1,5,5,'2024-02-06','19:45:00'),(86,15.00,1,6,6,'2024-02-07','20:30:00'),(87,15.00,1,1,7,'2024-02-08','21:15:00'),(88,15.00,1,2,8,'2024-02-09','22:30:00'),(89,15.00,1,3,9,'2024-02-10','15:45:00'),(90,15.00,1,4,10,'2024-02-11','16:30:00'),(91,15.00,1,5,11,'2024-02-12','17:45:00'),(92,15.00,1,6,12,'2024-02-13','18:15:00'),(93,15.00,1,1,13,'2024-02-14','19:30:00'),(94,15.00,1,2,14,'2024-02-15','20:45:00'),(95,15.00,1,3,15,'2024-02-01','21:30:00'),(96,15.00,1,4,16,'2024-02-02','22:15:00'),(97,15.00,1,5,1,'2024-02-03','15:45:00'),(98,15.00,1,6,2,'2024-02-04','16:30:00'),(99,15.00,1,1,3,'2024-02-05','17:15:00'),(100,15.00,1,2,4,'2024-02-06','18:45:00'),(101,16.00,2,1,1,'2024-02-07','15:30:00'),(102,16.00,2,2,2,'2024-02-08','16:45:00'),(103,16.00,2,3,3,'2024-02-09','17:15:00'),(104,16.00,2,4,4,'2024-02-10','18:30:00'),(105,16.00,2,5,5,'2024-02-11','19:45:00'),(106,16.00,2,6,6,'2024-02-12','20:30:00'),(107,16.00,2,7,7,'2024-02-13','21:15:00'),(108,16.00,2,8,8,'2024-02-14','22:30:00'),(109,16.00,2,9,9,'2024-02-15','15:45:00'),(110,16.00,2,10,10,'2024-02-01','16:30:00'),(111,16.00,2,11,11,'2024-02-02','17:45:00'),(112,16.00,2,12,12,'2024-02-03','18:15:00'),(113,16.00,2,1,13,'2024-02-04','19:30:00'),(114,16.00,2,2,14,'2024-02-05','20:45:00'),(115,16.00,2,3,15,'2024-02-06','21:30:00'),(116,16.00,2,4,16,'2024-02-07','22:15:00'),(117,16.00,2,5,1,'2024-02-08','15:45:00'),(118,16.00,2,6,2,'2024-02-09','16:30:00'),(119,16.00,2,7,3,'2024-02-10','17:15:00'),(120,16.00,2,8,4,'2024-02-11','18:45:00'),(121,17.00,3,1,1,'2024-02-12','15:30:00'),(122,17.00,3,2,2,'2024-02-13','16:45:00'),(123,17.00,3,3,3,'2024-02-14','17:15:00'),(124,17.00,3,4,4,'2024-02-15','18:30:00'),(125,17.00,3,5,5,'2024-02-02','19:45:00'),(126,17.00,3,1,6,'2024-02-03','20:30:00'),(127,17.00,3,2,7,'2024-02-03','20:15:00'),(128,17.00,3,3,8,'2024-02-05','22:30:00'),(129,17.00,3,4,9,'2024-02-05','15:45:00'),(130,17.00,3,5,10,'2024-02-06','16:30:00'),(131,17.00,3,1,11,'2024-02-07','17:15:00'),(132,17.00,3,2,12,'2024-02-08','18:45:00'),(133,17.00,3,3,13,'2024-02-09','19:30:00'),(134,17.00,3,4,14,'2024-02-10','20:45:00'),(135,17.00,3,5,15,'2024-02-11','21:30:00'),(136,17.00,3,1,16,'2024-02-12','22:15:00'),(137,17.00,3,2,1,'2024-02-13','15:45:00'),(138,17.00,3,3,2,'2024-02-14','16:30:00'),(139,17.00,3,4,3,'2024-02-15','17:15:00'),(140,17.00,3,5,4,'2024-02-01','18:45:00'),(141,15.50,4,1,1,'2024-02-02','17:30:00'),(142,15.50,4,2,2,'2024-02-03','18:45:00'),(143,15.50,4,3,3,'2024-02-04','19:00:00'),(144,15.50,4,4,4,'2024-02-05','20:00:00'),(145,15.50,4,5,5,'2024-02-06','19:45:00'),(146,15.50,4,6,6,'2024-02-07','20:30:00'),(147,15.50,4,7,7,'2024-02-08','21:15:00'),(148,15.50,4,8,8,'2024-02-09','22:30:00'),(149,15.50,4,1,9,'2024-02-10','15:45:00'),(150,15.50,4,2,10,'2024-02-11','18:30:00'),(151,15.50,4,3,11,'2024-02-12','17:45:00'),(152,15.50,4,4,12,'2024-02-13','18:15:00'),(153,15.50,4,5,13,'2024-02-14','19:30:00'),(154,15.50,4,6,14,'2024-02-15','20:45:00'),(155,15.50,4,7,15,'2024-02-01','21:30:00'),(156,15.50,4,8,16,'2024-02-02','22:15:00'),(157,15.50,4,1,1,'2024-02-03','15:45:00'),(158,15.50,4,2,2,'2024-02-04','16:30:00'),(159,15.50,4,3,3,'2024-02-05','17:15:00'),(160,15.00,1,1,1,'2024-02-03','18:30:00'),(161,15.00,1,2,2,'2024-02-04','19:45:00'),(162,15.00,1,3,3,'2024-02-05','20:30:00'),(163,15.00,1,4,4,'2024-02-06','21:15:00'),(164,15.00,1,5,5,'2024-02-07','22:30:00'),(165,15.00,1,6,6,'2024-02-08','15:45:00'),(166,15.00,1,1,7,'2024-02-09','16:30:00'),(167,15.00,1,2,8,'2024-02-10','17:45:00'),(168,15.00,1,3,9,'2024-02-11','18:15:00'),(169,15.00,1,4,10,'2024-02-12','19:30:00'),(170,15.00,1,5,11,'2024-02-13','20:45:00'),(171,15.00,1,6,12,'2024-02-14','21:30:00'),(172,15.00,1,1,13,'2024-02-15','22:15:00'),(173,15.00,1,2,14,'2024-02-01','15:45:00'),(174,15.00,1,3,15,'2024-02-02','16:30:00'),(175,15.00,1,4,16,'2024-02-03','17:15:00'),(176,15.00,1,5,1,'2024-02-04','18:30:00'),(177,15.00,1,6,2,'2024-02-05','19:45:00'),(178,16.00,2,1,1,'2024-02-11','20:30:00'),(179,16.00,2,2,2,'2024-02-12','21:15:00'),(180,16.00,2,3,3,'2024-02-13','22:30:00'),(181,16.00,2,4,4,'2024-02-14','15:45:00'),(182,16.00,2,5,5,'2024-02-15','16:30:00'),(183,16.00,2,6,6,'2024-02-01','17:45:00'),(184,16.00,2,7,7,'2024-02-02','18:15:00'),(185,16.00,2,8,8,'2024-02-03','19:30:00'),(186,16.00,2,9,9,'2024-02-04','20:45:00'),(187,16.00,2,10,10,'2024-02-05','21:30:00'),(188,16.00,2,11,11,'2024-02-06','22:15:00'),(189,16.00,2,12,12,'2024-02-07','15:45:00'),(190,16.00,2,1,13,'2024-02-08','16:30:00'),(191,16.00,2,2,14,'2024-02-09','17:45:00'),(192,16.00,2,3,15,'2024-02-10','18:15:00'),(193,16.00,2,4,16,'2024-02-11','19:30:00'),(194,16.00,2,5,1,'2024-02-12','20:45:00'),(195,16.00,2,6,2,'2024-02-13','21:30:00'),(196,16.00,2,7,3,'2024-02-14','22:15:00'),(197,16.00,2,8,4,'2024-02-15','15:45:00'),(198,16.00,2,9,5,'2024-02-01','16:30:00'),(199,16.00,2,10,6,'2024-02-02','17:45:00'),(200,16.00,2,11,7,'2024-02-03','18:15:00'),(201,16.00,2,12,8,'2024-02-04','19:30:00'),(202,17.00,3,1,1,'2024-02-05','20:45:00'),(203,17.00,3,2,2,'2024-02-06','21:50:00'),(204,17.00,3,3,3,'2024-02-07','22:15:00'),(205,17.00,3,4,4,'2024-02-08','15:45:00'),(206,17.00,3,5,5,'2024-02-09','16:30:00'),(207,17.00,3,1,6,'2024-02-10','17:45:00'),(208,17.00,3,2,7,'2024-02-11','18:15:00'),(209,17.00,3,3,8,'2024-02-12','19:30:00'),(210,17.00,3,4,9,'2024-02-13','20:45:00'),(211,17.00,3,5,10,'2024-02-14','21:30:00'),(212,17.00,3,1,11,'2024-02-15','22:15:00'),(213,17.00,3,2,12,'2024-02-01','15:45:00'),(214,17.00,3,3,13,'2024-02-02','16:30:00'),(215,17.00,3,4,14,'2024-02-03','17:45:00'),(216,17.00,3,5,15,'2024-02-04','18:15:00'),(217,17.00,3,1,16,'2024-02-05','19:30:00'),(218,17.00,3,2,1,'2024-02-06','20:45:00'),(219,17.00,3,3,2,'2024-02-07','21:30:00'),(220,17.00,3,4,3,'2024-02-08','22:15:00'),(221,17.00,3,5,4,'2024-02-09','15:45:00'),(222,15.50,4,1,1,'2024-02-10','16:30:00'),(223,15.50,4,2,2,'2024-02-11','17:45:00'),(224,15.50,4,3,3,'2024-02-12','18:15:00'),(225,15.50,4,4,4,'2024-02-13','19:30:00'),(226,15.50,4,5,5,'2024-02-14','20:45:00'),(227,15.50,4,6,6,'2024-02-15','21:30:00'),(228,15.50,4,7,7,'2024-02-01','22:15:00'),(229,15.50,4,8,8,'2024-02-02','15:45:00'),(230,15.50,4,1,9,'2024-02-03','17:30:00'),(231,15.50,4,2,10,'2024-02-04','17:45:00'),(232,15.50,4,3,11,'2024-02-05','19:15:00'),(233,15.50,4,4,12,'2024-02-06','21:00:00'),(234,15.50,4,5,13,'2024-02-07','20:45:00'),(235,15.50,4,6,14,'2024-02-08','21:30:00'),(236,15.50,4,7,15,'2024-02-09','22:15:00'),(237,15.50,4,8,16,'2024-02-11','15:45:00'),(238,15.50,4,1,1,'2024-02-11','16:30:00'),(239,15.50,4,2,2,'2024-02-12','17:45:00'),(240,15.50,4,3,3,'2024-02-13','19:15:00'),(241,15.50,4,4,4,'2024-02-14','19:30:00'),(242,15.00,1,3,7,'2024-02-11','20:30:00'),(243,15.00,1,4,8,'2024-02-12','21:45:00'),(244,15.00,1,5,9,'2024-02-13','22:30:00'),(245,15.00,1,6,10,'2024-02-14','15:45:00'),(246,15.00,1,1,11,'2024-02-15','16:30:00'),(247,16.50,2,6,7,'2024-02-03','18:15:00'),(248,16.50,2,7,8,'2024-02-04','19:30:00'),(249,16.50,2,8,9,'2024-02-05','20:45:00'),(250,16.50,2,9,10,'2024-02-06','21:30:00'),(251,16.50,2,10,11,'2024-02-07','22:15:00'),(252,17.50,3,5,1,'2024-02-01','19:45:00'),(253,17.50,3,1,2,'2024-02-02','20:30:00'),(254,17.50,3,2,3,'2024-02-03','21:15:00'),(255,17.50,3,3,4,'2024-02-04','22:30:00'),(256,16.00,4,7,9,'2024-02-09','15:45:00'),(257,16.00,4,8,10,'2024-02-10','16:30:00'),(258,16.00,4,1,11,'2024-02-11','17:15:00'),(259,16.00,4,2,12,'2024-02-12','18:30:00'),(260,16.00,4,3,13,'2024-02-13','19:45:00'),(261,15.50,1,4,12,'2024-02-10','17:30:00'),(262,15.50,1,5,13,'2024-02-11','18:15:00'),(263,15.50,1,6,14,'2024-02-12','19:30:00'),(264,15.50,1,1,15,'2024-02-13','20:45:00'),(265,15.50,1,2,16,'2024-02-14','21:30:00'),(266,16.50,2,11,12,'2024-02-05','15:45:00'),(267,16.50,2,12,13,'2024-02-06','16:30:00'),(268,16.50,2,1,14,'2024-02-07','17:15:00'),(269,16.50,2,2,15,'2024-02-08','18:30:00'),(270,16.50,2,3,16,'2024-02-09','19:45:00'),(271,17.50,3,4,1,'2024-02-14','22:00:00'),(272,17.50,3,5,2,'2024-02-15','15:15:00'),(273,17.50,3,1,3,'2024-02-01','16:30:00'),(274,17.50,3,2,4,'2024-02-02','17:45:00'),(275,17.50,3,3,5,'2024-02-03','18:30:00'),(276,16.00,4,4,15,'2024-02-06','19:15:00'),(277,16.00,4,5,16,'2024-02-07','20:30:00'),(278,16.00,4,6,1,'2024-02-08','19:00:00'),(279,16.00,4,7,2,'2024-02-09','22:30:00'),(280,16.00,4,8,3,'2024-02-10','15:45:00'),(281,15.00,1,1,1,'2023-02-01','15:00:00'),(282,15.00,2,2,2,'2023-02-01','15:00:00'),(283,15.00,2,3,3,'2023-02-01','15:00:00'),(284,15.00,3,1,1,'2023-02-01','15:00:00');
/*!40000 ALTER TABLE `saioa` ENABLE KEYS */;
UNLOCK TABLES;

--
-- Table structure for table `sarrera`
--

DROP TABLE IF EXISTS `sarrera`;
/*!40101 SET @saved_cs_client     = @@character_set_client */;
/*!50503 SET character_set_client = utf8mb4 */;
CREATE TABLE `sarrera` (
  `id_sarrera` int(11) NOT NULL AUTO_INCREMENT,
  `id_erosketa` int(11) DEFAULT NULL,
  `prezioa` decimal(10,2) DEFAULT NULL,
  `id_saioa` int(11) DEFAULT NULL,
  PRIMARY KEY (`id_sarrera`),
  KEY `id_erosketa` (`id_erosketa`),
  KEY `id_saioa` (`id_saioa`),
  CONSTRAINT `sarrera_ibfk_1` FOREIGN KEY (`id_erosketa`) REFERENCES `erosketa` (`id_erosketa`),
  CONSTRAINT `sarrera_ibfk_2` FOREIGN KEY (`id_saioa`) REFERENCES `saioa` (`id_saioa`)
) ENGINE=InnoDB AUTO_INCREMENT=21 DEFAULT CHARSET=utf8 COLLATE=utf8_spanish2_ci;
/*!40101 SET character_set_client = @saved_cs_client */;

--
-- Dumping data for table `sarrera`
--

LOCK TABLES `sarrera` WRITE;
/*!40000 ALTER TABLE `sarrera` DISABLE KEYS */;
INSERT INTO `sarrera` VALUES (1,1,15.00,1),(2,2,10.00,2),(3,3,10.00,3),(4,4,10.00,4),(5,5,10.00,5),(6,6,10.00,6),(7,7,10.00,7),(8,8,10.00,8),(9,9,10.00,9),(10,10,10.00,10),(11,11,15.00,11),(12,12,15.00,12),(13,13,15.00,13),(14,14,15.00,14),(15,15,15.00,15),(16,16,15.00,16),(17,17,15.00,17),(18,18,20.00,18),(19,19,15.00,19),(20,20,20.00,20);
/*!40000 ALTER TABLE `sarrera` ENABLE KEYS */;
UNLOCK TABLES;

--
-- Table structure for table `zinema`
--

DROP TABLE IF EXISTS `zinema`;
/*!40101 SET @saved_cs_client     = @@character_set_client */;
/*!50503 SET character_set_client = utf8mb4 */;
CREATE TABLE `zinema` (
  `id_zinema` int(11) NOT NULL AUTO_INCREMENT,
  `izena` varchar(50) DEFAULT NULL,
  `Ordutegia` varchar(60) DEFAULT NULL,
  `Kokapena` varchar(60) DEFAULT NULL,
  PRIMARY KEY (`id_zinema`),
  UNIQUE KEY `izena` (`izena`)
) ENGINE=InnoDB AUTO_INCREMENT=5 DEFAULT CHARSET=utf8 COLLATE=utf8_spanish2_ci;
/*!40101 SET character_set_client = @saved_cs_client */;

--
-- Dumping data for table `zinema`
--

LOCK TABLES `zinema` WRITE;
/*!40000 ALTER TABLE `zinema` DISABLE KEYS */;
INSERT INTO `zinema` VALUES (1,'Cinesa Zubiarte','Astelehenetik igandera 15:00 - 23:00','Leizaola Lehendakariaren Kalea, 2, 48009 Bilbao'),(2,'Cinesa Max Ocio','Astelehenetik igandera 15:00 - 23:00','Max Ocio, Kareaga K., S/N, 48903 Barakaldo'),(3,'Golem Alhondiga','Astelehenetik igandera 15:00 - 23:00','Arriquíbar Plaza, 4, 48001 Bilbo'),(4,'Cine Yelmo Premium Artea','Astelehenetik igandera 15:00 - 23:00','Peruri Auzoa, 33, 48940 Leioa');
/*!40000 ALTER TABLE `zinema` ENABLE KEYS */;
UNLOCK TABLES;
/*!40103 SET TIME_ZONE=@OLD_TIME_ZONE */;

/*!40101 SET SQL_MODE=@OLD_SQL_MODE */;
/*!40014 SET FOREIGN_KEY_CHECKS=@OLD_FOREIGN_KEY_CHECKS */;
/*!40014 SET UNIQUE_CHECKS=@OLD_UNIQUE_CHECKS */;
/*!40101 SET CHARACTER_SET_CLIENT=@OLD_CHARACTER_SET_CLIENT */;
/*!40101 SET CHARACTER_SET_RESULTS=@OLD_CHARACTER_SET_RESULTS */;
/*!40101 SET COLLATION_CONNECTION=@OLD_COLLATION_CONNECTION */;
/*!40111 SET SQL_NOTES=@OLD_SQL_NOTES */;

-- Dump completed on 2024-02-16 10:09:57
